frame,time_s,root_x,root_y,root_z,root_vx,root_vy,root_vz,root_wx,root_wy,root_wz
0,0.000000,-1.67073119,0.07262085,0.82630134,1.35522878,-0.03798114,-0.21150546,0.81802022,-0.35730550,0.12639353
1,0.016667,-1.67073119,0.07262085,0.82630134,2.01843882,-0.05312495,-0.32846996,1.12620258,-0.48331398,0.19816022
2,0.033333,-1.55642629,0.06908186,0.81049126,2.59035492,-0.06174147,-0.43800658,1.35474694,-0.52564889,0.24947809
3,0.050000,-1.55642629,0.06908186,0.81049126,2.96544194,-0.06103374,-0.51034701,1.47612309,-0.42977282,0.22454917
4,0.066667,-1.44763625,0.06678454,0.78694284,3.14474702,-0.05345366,-0.52613026,1.47897446,-0.18975884,0.07729688
5,0.083333,-1.44763625,0.06678454,0.78694284,3.19746757,-0.04463970,-0.48023838,1.34833181,0.12967780,-0.15561481
6,0.100000,-1.33923566,0.06649666,0.76971048,3.19943690,-0.03938341,-0.37709889,1.10098290,0.40771213,-0.30973834
7,0.116667,-1.33923566,0.06649666,0.76971048,3.20357871,-0.03956455,-0.22522739,0.80973059,0.53702760,-0.19076429
8,0.133333,-1.23851693,0.06466792,0.76116490,3.23598552,-0.04551021,-0.03768548,0.55464280,0.51015687,0.21660404
9,0.150000,-1.23851693,0.06466792,0.76116490,3.29846406,-0.05777634,0.16431367,0.36200196,0.42744055,0.67493135
10,0.166667,-1.12525058,0.06413732,0.77320433,3.37721848,-0.07580572,0.35311225,0.21056746,0.39690456,0.88963586
11,0.183333,-1.12525058,0.06413732,0.77320433,3.45730686,-0.09522431,0.50344998,0.07886559,0.43830353,0.74829984
12,0.200000,-1.00891387,0.05891062,0.79705751,3.53132629,-0.10873481,0.60150945,-0.03358011,0.49593246,0.34692165
13,0.216667,-1.00891387,0.05891062,0.79705751,3.59747958,-0.11075139,0.64734769,-0.11417858,0.51522434,-0.14210096
14,0.233333,-0.88722634,0.05464344,0.82096159,3.65394068,-0.10073368,0.65055954,-0.14574544,0.48433766,-0.57056212
15,0.250000,-0.88722634,0.05464344,0.82096159,3.69713259,-0.08260051,0.62316543,-0.10858887,0.42095488,-0.83859217
16,0.266667,-0.76181334,0.05215992,0.84189659,3.72379088,-0.06231461,0.57392281,0.00841686,0.34557262,-0.90245271
17,0.283333,-0.76181334,0.05215992,0.84189659,3.73310614,-0.04569131,0.50551194,0.18917985,0.26853853,-0.78616953
18,0.300000,-0.63648498,0.05207240,0.85855877,3.72702384,-0.03643161,0.41469353,0.37876293,0.19105171,-0.57293278
19,0.316667,-0.63648498,0.05207240,0.85855877,3.70918179,-0.03476208,0.29632014,0.49149537,0.11113568,-0.37282032
20,0.333333,-0.51281619,0.05077703,0.87017488,3.68375182,-0.03795362,0.15055111,0.44214597,0.02580453,-0.28073895
21,0.350000,-0.51281619,0.05077703,0.87017488,3.65455484,-0.04248890,-0.01225350,0.18809788,-0.07518386,-0.34011462
22,0.366667,-0.39177203,0.04916273,0.86445719,3.62392902,-0.04596311,-0.17509124,-0.23645267,-0.21263233,-0.52627897
23,0.383333,-0.39177203,0.04916273,0.86445719,3.59119511,-0.04775373,-0.32326442,-0.71820796,-0.39665195,-0.76125783
24,0.400000,-0.27240428,0.04731137,0.85025585,3.55183601,-0.04892857,-0.44921231,-1.11043775,-0.58955109,-0.95575058
25,0.416667,-0.27240428,0.04731137,0.85025585,3.49928522,-0.05154660,-0.54938900,-1.31795704,-0.70224226,-1.04741597
26,0.433333,-0.15426131,0.04628972,0.82859260,3.42980480,-0.05708206,-0.61859781,-1.36046207,-0.65199023,-1.01043940
27,0.450000,-0.15426131,0.04628972,0.82859260,3.34774590,-0.06492391,-0.64764673,-1.33419216,-0.43071634,-0.84750038
28,0.466667,-0.04460754,0.04354090,0.80279779,3.26656437,-0.07270882,-0.62581182,-1.29123998,-0.11702209,-0.58757180
29,0.483333,-0.04460754,0.04354090,0.80279779,3.20368934,-0.07836709,-0.54671550,-1.19063854,0.17735174,-0.29455686
30,0.500000,0.05722874,0.04059453,0.78121907,3.17230654,-0.08160049,-0.41454318,-0.99349159,0.37868705,-0.06014481
31,0.516667,0.05722874,0.04059453,0.78121907,3.17633867,-0.08298779,-0.24548431,-0.74972498,0.48455185,0.04842933
32,0.533333,0.16264360,0.03830855,0.77787948,3.21237302,-0.08170985,-0.06148065,-0.54231828,0.53985757,0.05549496
33,0.550000,0.16264360,0.03830855,0.77787948,3.27511215,-0.07519110,0.11829990,-0.39031041,0.59071726,0.06948856
34,0.566667,0.27077898,0.03407524,0.78494436,3.35958147,-0.06229587,0.28004473,-0.25657076,0.65662003,0.17905954
35,0.583333,0.27077898,0.03407524,0.78494436,3.45895338,-0.04647269,0.41242316,-0.12015964,0.72593290,0.37264574
36,0.600000,0.38825026,0.03467356,0.80517960,3.56283665,-0.03386764,0.50616294,0.00108354,0.76357007,0.57599312
37,0.616667,0.38825026,0.03467356,0.80517960,3.65868545,-0.02797210,0.55742818,0.07910334,0.72683847,0.73185551
38,0.633333,0.51334149,0.03341485,0.82601291,3.73459291,-0.02743748,0.56867319,0.09648027,0.58895427,0.81717950
39,0.650000,0.51334149,0.03341485,0.82601291,3.78200269,-0.02915651,0.54428500,0.04431656,0.35321859,0.81879073
40,0.666667,0.64323604,0.03237064,0.84555387,3.79864311,-0.03196050,0.48632225,-0.07507674,0.04966521,0.73592383
41,0.683333,0.64323604,0.03237064,0.84555387,3.79001307,-0.03676732,0.39526227,-0.23067476,-0.27337596,0.60104597
42,0.700000,0.76898199,0.03178358,0.85996956,3.76650786,-0.04403147,0.27430084,-0.35149390,-0.55424535,0.47293413
43,0.716667,0.76898199,0.03178358,0.85996956,3.73706436,-0.05201741,0.13157137,-0.35115886,-0.73489046,0.40171230
44,0.733333,0.89267343,0.02900094,0.86074847,3.70484829,-0.05777999,-0.02297118,-0.18503331,-0.79487467,0.39725357
45,0.750000,0.89267343,0.02900094,0.86074847,3.66944146,-0.05904182,-0.18177648,0.11289769,-0.77099878,0.42230541
46,0.766667,1.01633668,0.02733021,0.85333186,3.63305759,-0.05437796,-0.33867669,0.45421374,-0.73267239,0.41818419
47,0.783333,1.01633668,0.02733021,0.85333186,3.60185337,-0.04271590,-0.48344418,0.76089811,-0.72899127,0.35779136
48,0.800000,1.13136947,0.02452485,0.83189988,3.57765746,-0.02481947,-0.59965241,1.01076245,-0.75309181,0.28072399
49,0.816667,1.13136947,0.02452485,0.83189988,3.55056405,-0.00517373,-0.66920656,1.22444415,-0.75268573,0.24457213
50,0.833333,1.25560844,0.02653435,0.80364978,3.50630403,0.00986743,-0.67948896,1.40722048,-0.67753792,0.22444776
51,0.850000,1.25560844,0.02653435,0.80364978,3.44274282,0.01660197,-0.62772089,1.50770640,-0.51805198,0.11803292
52,0.866667,1.36661673,0.02690125,0.78047383,3.37532377,0.01560443,-0.52085245,1.44415736,-0.30442896,-0.10476706
53,0.883333,1.36661673,0.02690125,0.78047383,3.32624078,0.00904113,-0.37218645,1.18140483,-0.08269335,-0.31853461
54,0.900000,1.47421038,0.02757287,0.77007115,3.31163025,-0.00203677,-0.19713302,0.78727210,0.10387798,-0.37311330
55,0.916667,1.47421038,0.02757287,0.77007115,3.33727217,-0.01750488,-0.01082754,0.39987794,0.22392291,-0.25904572
56,0.933333,1.58295536,0.02695195,0.77291018,3.39969826,-0.03650167,0.17151223,0.12195015,0.26658082,-0.09156226
57,0.950000,1.58295536,0.02695195,0.77291018,3.48792028,-0.05630839,0.33378908,-0.04707453,0.24431299,0.01792805
58,0.966667,1.70134676,0.02455887,0.79045290,3.58633637,-0.07223745,0.46115234,-0.16790435,0.18485224,0.02518612
59,0.983333,1.70134676,0.02455887,0.79045290,3.67924929,-0.07870622,0.54414845,-0.27257785,0.12069488,-0.06892203
60,1.000000,1.82714343,0.02021265,0.81269747,3.75455332,-0.07176937,0.58096653,-0.33551219,0.08325423,-0.24343525
61,1.016667,1.82714343,0.02021265,0.81269747,3.80496597,-0.05192685,0.57592541,-0.31534484,0.09183000,-0.45741087
62,1.033333,1.95682943,0.01857570,0.83356494,3.82795095,-0.02479216,0.53623092,-0.20763838,0.13687178,-0.65257484
63,1.050000,1.95682943,0.01857570,0.83356494,3.82557058,0.00159164,0.46893650,-0.05257624,0.17812021,-0.77532178
64,1.066667,2.08536363,0.02054563,0.84867477,3.80396056,0.02119827,0.37870091,0.09921215,0.17094521,-0.80447638
65,1.083333,2.08536363,0.02054563,0.84867477,3.77131271,0.03276096,0.26725319,0.21195239,0.09514942,-0.76158786
66,1.100000,2.20975518,0.02138106,0.85764378,3.73456025,0.03856400,0.13541713,0.25240910,-0.04104736,-0.69295305
67,1.116667,2.20975518,0.02138106,0.85764378,3.69686842,0.04095321,-0.01376907,0.17675877,-0.21585353,-0.64037251
68,1.133333,2.33294392,0.02323236,0.85479331,3.65792537,0.04041938,-0.17384198,-0.04131459,-0.40471917,-0.62157184
69,1.150000,2.33294392,0.02323236,0.85479331,3.61595774,0.03644558,-0.33581236,-0.36904493,-0.57885164,-0.62632537
70,1.166667,2.45265603,0.02455322,0.84037185,3.56866980,0.02898867,-0.48901457,-0.71777302,-0.70070273,-0.62497687
71,1.183333,2.45265603,0.02455322,0.84037185,3.51304412,0.01876889,-0.62073922,-1.01054382,-0.72816157,-0.58388484
72,1.200000,2.57020068,0.02502164,0.81471795,3.44650340,0.00677829,-0.71619970,-1.24825716,-0.63294852,-0.48009059
73,1.216667,2.57020068,0.02502164,0.81471795,3.36986208,-0.00580328,-0.76015317,-1.47283387,-0.42428523,-0.30425858
74,1.233333,2.68160987,0.02472816,0.78398424,3.28897762,-0.01717766,-0.74037105,-1.64557672,-0.15749094,-0.05817030
75,1.250000,2.68160987,0.02472816,0.78398424,3.20993066,-0.02502875,-0.65285331,-1.62288654,0.09137152,0.22882521
76,1.266667,2.78491354,0.02285426,0.75891179,3.12617826,-0.02784636,-0.50760537,-1.31160605,0.27124557,0.47654733
77,1.283333,2.78491354,0.02285426,0.75891179,3.00312638,-0.02621817,-0.33126438,-0.80679423,0.37528583,0.58212394
78,1.300000,2.88906407,0.02245905,0.75352705,2.77693868,-0.02226054,-0.16173510,-0.32209659,0.41428435,0.50722504
79,1.316667,2.88906407,0.02245905,0.75352705,2.38730073,-0.01773454,-0.03435778,-0.01302560,0.39015427,0.32333428
80,1.333333,2.98994112,0.02166324,0.76179594,1.83670795,-0.01320011,0.03375070,0.10359705,0.30861309,0.14666194
81,1.350000,2.98994112,0.02166324,0.76179594,1.22128856,-0.00880084,0.05013606,0.10092279,0.19933712,0.04216296
